{"trial_no": 29, "cv_no": 5, "auc_score": 0.823114083983649, "_timestamp": 1723636043.512344, "_runtime": 1501.2810509204865, "_step": 182, "mean_auc_score": 0.8093862663914198, "model_params": {"n_estimators": 528, "learning_rate": 0.018768615971126633, "max_depth": 1, "subsample": 0.6180301820309303, "colsample_bytree": 0.9416678672737021, "min_child_weight": 3, "objective": "binary:logistic", "verbosity": 0, "booster": "gbtree", "eval_metric": "auc", "tree_method": "exact", "random_state": 1971}, "VAL SCORE": 0.8399021786646088, "feat importance_table": {"_type": "table-file", "sha256": "0335007fb9ba18e0fa97ac61ebadd605a0f257a342d6b18853eeb13d50131ee8", "size": 692, "artifact_path": "wandb-client-artifact://ydjdw2lp398q8z33vdbakjrtuw0buljrln633lg2irybp3jme2ldcr1nvq6k5m6ys71rc8mbnpyba1fn4o756e6zsce8zzs2y44i5bx6bhrblotgh2u88pdt3ic1ly5v:latest/feat importance_table.table.json", "_latest_artifact_path": "wandb-client-artifact://ydjdw2lp398q8z33vdbakjrtuw0buljrln633lg2irybp3jme2ldcr1nvq6k5m6ys71rc8mbnpyba1fn4o756e6zsce8zzs2y44i5bx6bhrblotgh2u88pdt3ic1ly5v:latest/feat importance_table.table.json", "path": "media/table/feat importance_table_182_0335007fb9ba18e0fa97.table.json", "ncols": 2, "nrows": 23}, "_wandb": {"runtime": 1503}}