{"trial_no": 19, "cv_no": 4, "auc_score": 0.8107114551188008, "_timestamp": 1723638218.541967, "_runtime": 452.4820919036865, "_step": 117, "mean_auc_score": 0.7858476146211502, "_wandb": {"runtime": 454}}