{"trial_no": 29, "cv_no": 5, "auc_score": 0.8468294990034121, "_timestamp": 1723371873.5669277, "_runtime": 1115.7826516628265, "_step": 180, "mean_auc_score": 0.8358171353458426, "model_params": {"n_estimators": 528, "learning_rate": 0.018768615971126633, "max_depth": 1, "subsample": 0.6180301820309303, "colsample_bytree": 0.9416678672737021, "min_child_weight": 3, "objective": "binary:logistic", "verbosity": 0, "random_state": 1971}, "_wandb": {"runtime": 1153}}