{"trial_no": 29, "cv_no": 5, "auc_score": 0.8556383230296272, "_timestamp": 1723407710.23074, "_runtime": 975.5111260414124, "_step": 180, "mean_auc_score": 0.8389360324818697, "model_params": {"n_estimators": 490, "learning_rate": 0.02569763368062587, "max_depth": 1, "subsample": 0.9232322721997788, "colsample_bytree": 0.898799560265088, "min_child_weight": 13, "objective": "binary:logistic", "verbosity": 0, "random_state": 1971}, "_wandb": {"runtime": 1006}}