{"trial_no": 0, "cv_no": 5, "auc_score": 0.8514830580047971, "_timestamp": 1723304402.3972518, "_runtime": 12.7639799118042, "_step": 6, "mean_auc_score": 0.8386919827247186, "model_params": {"n_estimators": 528, "learning_rate": 0.018768615971126633, "max_depth": 1, "subsample": 0.6180301820309303, "colsample_bytree": 0.9416678672737021, "min_child_weight": 3, "objective": "binary:logistic", "verbosity": 0, "random_state": 1971}, "_wandb": {"runtime": 41}}