{"trial_no": 29, "cv_no": 5, "auc_score": 0.8320495929191581, "_timestamp": 1723369022.7465403, "_runtime": 1015.8214933872223, "_step": 180, "mean_auc_score": 0.8231117526429278, "model_params": {"n_estimators": 528, "learning_rate": 0.018768615971126633, "max_depth": 1, "subsample": 0.6180301820309303, "colsample_bytree": 0.9416678672737021, "min_child_weight": 3, "objective": "binary:logistic", "verbosity": 0, "random_state": 1971}, "_wandb": {"runtime": 1068}}