{"auc_score": 0.8470321948582819, "_timestamp": 1723302905.3877556, "_runtime": 118.99967861175537, "_step": 24, "_wandb": {"runtime": 118}}