{"trial_no": 29, "cv_no": 5, "auc_score": 0.8277423060031756, "_timestamp": 1723412569.1982462, "_runtime": 641.0228493213654, "_step": 182, "mean_auc_score": 0.8127596863549538, "model_params": {"n_estimators": 575, "learning_rate": 0.05378638595767974, "max_depth": 2, "subsample": 0.5681666200914354, "colsample_bytree": 0.6234182746913547, "min_child_weight": 5, "objective": "binary:logistic", "verbosity": 0, "booster": "gbtree", "eval_metric": "auc", "tree_method": "exact", "random_state": 1971}, "VAL SCORE": 0.8371461298091551, "feat importance_table": {"_type": "table-file", "sha256": "824cff3b9d0b4cc35b292a1910da69cad2163f9757eee1a21ae2b9be30126d3f", "size": 1214, "artifact_path": "wandb-client-artifact://4csvpyv0t2bwty793j9dz42s2mcs6j4ckscho4o7e5lf1wc9yzkmy30m6mn0eku4lw30dk7ai6jnamgb5q809leta75zcn69onazdgf2pqtb68ohz6dx50dw83wxi1ao:latest/feat importance_table.table.json", "_latest_artifact_path": "wandb-client-artifact://4csvpyv0t2bwty793j9dz42s2mcs6j4ckscho4o7e5lf1wc9yzkmy30m6mn0eku4lw30dk7ai6jnamgb5q809leta75zcn69onazdgf2pqtb68ohz6dx50dw83wxi1ao:latest/feat importance_table.table.json", "path": "media/table/feat importance_table_182_824cff3b9d0b4cc35b29.table.json", "ncols": 2, "nrows": 39}, "_wandb": {"runtime": 643}}