{"n_estimators": 825, "learning_rate": 0.0185496028231172, "max_depth": 3, "subsample": 0.24133046673504516, "colsample_bytree": 0.40157749362207423, "min_child_weight": 7, "value": 0.8357191620731579, "trial_number": 2, "_timestamp": 1723302435.1128368, "_runtime": 0.9230997562408447, "_step": 0, "_wandb": {"runtime": 0}}