{"trial_no": 0, "cv_no": 4, "auc_score": 0.828147923306521, "_timestamp": 1723367969.8080175, "_runtime": 31.184189558029175, "_step": 3, "_wandb": {"runtime": 35}}