{"trial_no": 0, "cv_no": 1, "auc_score": 0.8165656565656565, "_timestamp": 1723638552.0239136, "_runtime": 3.7173686027526855, "_step": 0, "_wandb": {"runtime": 3}}