{"trial_no": 4, "cv_no": 5, "auc_score": 0.8470321948582819, "_timestamp": 1723303914.8633518, "_runtime": 102.12267971038818, "_step": 30, "mean_auc_score": 0.826486899581913, "model_params": {"n_estimators": 528, "learning_rate": 0.018768615971126633, "max_depth": 1, "subsample": 0.6180301820309303, "colsample_bytree": 0.9416678672737021, "min_child_weight": 3, "objective": "binary:logistic", "verbosity": 0, "random_state": 1971}, "_wandb": {"runtime": 112}}